Marker,CHR,POS,BETA,SE,P,trait
rs1001,1,1000,0.251,0.056,8.15173744006199e-07,TraitA
rs1005,1,5188,0.2572,0.0558,4.02327968328283e-07,TraitA
rs1017,1,16833,0.2425,0.0539,7.52420233570505e-07,TraitA
rs1034,1,83635,0.2584,0.0572,6.63862296432257e-07,TraitB
rs1040,1,89846,0.256,0.0569,7.29968521627341e-07,TraitA
rs1048,1,97212,0.2426,0.0524,3.49358643705817e-07,TraitA
rs1062,1,161090,0.2497,0.0551,6.16684239490796e-07,TraitB
rs1070,1,169010,0.3262,0.0608,3.65311008202843e-09,TraitB
rs1072,1,171082,0.1685,0.0555,0.000834586919450667,TraitB
rs2004,2,4401,0.2054,0.0526,1.72608054126613e-05,TraitA
rs2005,2,5459,-0.1938,0.0576,0.000215582383095752,TraitA
rs2014,2,14303,-0.16,0.053,0.000907535393720027,TraitB
rs2025,2,24985,-0.162,0.052,0.000615660857013427,TraitB
rs2050,2,100450,-0.177,0.0549,0.000385763648131397,TraitB
rs2053,2,103401,-0.1808,0.0566,0.0004414138691267,TraitA
rs2055,2,105290,-0.1469,0.0541,0.0028341206102632,TraitA
rs3003,3,3008,-0.084,0.0469,0.048703455774812,TraitA
rs3004,3,3823,-0.1086,0.0522,0.0221558111957274,TraitB
rs3005,3,4711,-0.1008,0.0561,0.047921253235545,TraitB
rs3009,3,8354,-0.1013,0.0555,0.0444999903696589,TraitB
